title,visited
0,1
Abiogenesis,1
Abolitionism,1
Abortion,1
Abraham,1
Abraham Lincoln,1
Abstract art,1
Abu Nuwas,1
Achaemenid Empire,1
Acid–base reaction,1
Adam Smith,1
Addiction,1
Addition,1
Adi Shankara,1
Adolescence,1
Adolf Hitler,1
Adult,1
Aesthetics,1
Africa,1
Afterlife,1
Age of Discovery,1
Age of Enlightenment,1
Ageing,1
Agriculture,1
Aircraft,1
Alan Turing,1
Albert Einstein,1
Alcoholic drink,1
Alcoholism,1
Alexander the Great,1
Algae,1
Algebra,1
Algorithm,1
Allergy,1
Alloy,1
Alphabet,1
Alps,1
Aluminium,1
Amazon River,1
Amazon rainforest,1
Amphibian,1
Anarchism,1
Anatomy,1
Ancient Egypt,1
Ancient Greece,1
Ancient Greek philosophy,1
Ancient Rome,1
Ancient history,1
Andean civilizations,1
Andes,1
Anesthesia,1
Anger,1
Angle,1
Animal,1
Animal husbandry,1
Animation,1
Antarctica,1
Anthropology,0
Antibiotic,0
Antoine Lavoisier,0
Arabic,0
Arabic alphabet,0
Arch,0
Archaea,0
Archaeology,0
Archimedes,0
Architecture,0
Arctic,0
Arctic Ocean,0
Area,0
Argentina,0
Aristotle,0
Arithmetic,0
Armour,0
Art,0
Artificial intelligence,0
Asia,0
Association football,0
Assyria,0
Asteroid,0
Asthma,0
Astronomy,0
Atheism,0
Atlantic Ocean,0
Atmosphere of Earth,0
Atom,0
Augustus,0
Australia,0
Avicenna,0
Aztecs,0
Bacteria,0
Bangladesh,0
Bank,0
Beijing,0
Belief,0
Bengali language,0
Benjamin Franklin,0
Bhagavad Gita,0
Bible,0
Bicycle,0
Big Bang,0
Biochemistry,0
Biodiversity,0
Biology,0
Biotechnology,0
Bird,0
Birth control,0
Black Death,0
Black hole,0
Blood,0
Board game,0
Book,0
Botany,0
Bow and arrow,0
Brahmic scripts,0
Brain,0
Brazil,0
Bread,0
Bridge,0
British Empire,0
Broadcasting,0
Bronze,0
Bronze Age,0
Buddhism,0
Business,0
Byzantine Empire,0
Cairo,0
Calculus,0
Calendar,0
Calligraphy,0
Camera,0
Canada,0
Canal,0
Cancer,0
Capitalism,0
Car,0
Carbon,0
Carbon dioxide,0
Card game,0
Cardiovascular disease,0
Carl Friedrich Gauss,0
Carl Linnaeus,0
Caspian Sea,0
Cat,0
Catalysis,0
Catherine the Great,0
Catholic Church,0
Cattle,0
Cell (biology),0
Cereal,0
Charlemagne,0
Charles Darwin,0
Charles Dickens,0
Charlie Chaplin,0
Cheese,0
Chemical bond,0
Chemical compound,0
Chemical element,0
Chemical reaction,0
Chemistry,0
Child,0
China,0
Chinese characters,0
Chinese language,0
Christianity,0
Christopher Columbus,0
Circle,0
Circulatory system,0
City,0
Civil engineering,0
Civilization,0
Classical mechanics,0
Classical music,0
Claude Monet,0
Climate,0
Clock,0
Clothing,0
Cloud,0
Coal,0
Coffee,0
Cold War,0
Colombia,0
Colonialism,0
Color,0
Combinatorics,0
Comet,0
Comics,0
Common cold,0
Communication,0
Communism,0
Community,0
Compass,0
Complex number,0
Computer,0
Computer science,0
Confucianism,0
Confucius,0
Conic section,0
Consciousness,0
Conservatism,0
Constitution,0
Construction,0
Contemporary philosophy,0
Continent,0
Cooking,0
Coordinate system,0
Copper,0
Corporation,0
Country,0
Crime,0
Crusades,0
Cryptography,0
Culture,0
Cyrillic script,0
Cyrus the Great,0
DNA,0
Dam,0
Dance,0
Dante Alighieri,0
Day,0
Death,0
Deity,0
Delhi,0
Democracy,0
Democratic Republic of the Congo,0
Dentistry,0
Desert,0
Diabetes,0
Dictatorship,0
Digestion,0
Dimension,0
Dinosaur,0
Diplomacy,0
Disability,0
Discrimination,0
Disease,0
Division (mathematics),0
Dmitri Mendeleev,0
Dog,0
Domestication,0
Drawing,0
Dream,0
Drink,0
Drinking water,0
Drug,0
E (mathematical constant),0
Ear,0
Early human migrations,0
Earth,0
Earth science,0
Earthquake,0
Eastern Orthodox Church,0
Eastern philosophy,0
Ecology,0
Economics,0
Ecosystem,0
Edgar Allan Poe,0
Education,0
Egypt,0
Electric battery,0
Electric light,0
Electric motor,0
Electricity,0
Electrolysis,0
Electromagnetic radiation,0
Electromagnetism,0
Electron,0
Electronics,0
Elizabeth I of England,0
Elvis Presley,0
Emmy Noether,0
Emotion,0
Employment,0
Energy,0
Engine,0
Engineering,0
English Wikipedia,0
English language,0
English literature,0
Entertainment,0
Environmentalism,0
Epic poetry,0
Epistemology,0
Equation,0
Ernest Hemingway,0
Erosion,0
Ethics,0
Ethiopia,0
Ethnic group,0
Euclid,0
Eukaryote,0
Europe,0
European Union,0
European colonization of the Americas,0
Evolution,0
Exercise,0
Existence,0
Explosive,0
Exponentiation,0
Extinction,0
Eye,0
Fairy tale,0
Family,0
Famine,0
Fascism,0
Fear,0
Feminism,0
Ferdinand Magellan,0
Fertilizer,0
Festival,0
Fiction,0
Film,0
Finance,0
Fire,0
Firearm,0
Fish,0
Fishing,0
Flood,0
Flower,0
Folk music,0
Folklore,0
Food,0
Force,0
Forest,0
Fortification,0
Fossil fuel,0
Fraction (mathematics),0
France,0
Franz Kafka,0
Free will,0
French Revolution,0
French language,0
Frida Kahlo,0
Friedrich Nietzsche,0
Friendship,0
Fruit,0
Function (mathematics),0
Fungus,0
Furniture,0
Fyodor Dostoevsky,0
Galaxy,0
Galileo Galilei,0
Gambling,0
Game,0
Garden,0
Gasoline,0
Gastroenteritis,0
Gautama Buddha,0
Gender,0
Gene,0
Genetic engineering,0
Genetics,0
Genghis Khan,0
Genocide,0
Geography,0
Geology,0
Geometry,0
George Washington,0
German language,0
Germany,0
Glacier,0
Glass,0
Global warming,0
Globalization,0
God,0
Gold,0
Good and evil,0
Government,0
Grammar,0
Grand Canyon,0
Gravity,0
Great Barrier Reef,0
Great Depression,0
Great Lakes,0
Great Pyramid of Giza,0
Great Wall of China,0
Greek alphabet,0
Greek language,0
Gunpowder,0
Gupta Empire,0
HIV/AIDS,0
Hammurabi,0
Han dynasty,0
Happiness,0
Hatshepsut,0
Health,0
Heart,0
Heat,0
Henry Ford,0
Heredity,0
Herodotus,0
Himalayas,0
Hinduism,0
Hindustani language,0
Hippocrates,0
History,0
History of Africa,0
History of Asia,0
History of Earth,0
History of East Asia,0
History of Europe,0
History of India,0
History of North America,0
History of Oceania,0
History of South America,0
History of agriculture,0
History of architecture,0
History of art,0
History of film,0
History of literature,0
History of mathematics,0
History of medicine,0
History of music,0
History of science,0
History of technology,0
History of the Middle East,0
History of the world,0
Hokusai,0
Holy Roman Empire,0
Home,0
Homer,0
Hong Kong,0
Horse,0
Hospital,0
Human,0
Human behavior,0
Human body,0
Human evolution,0
Human migration,0
Human rights,0
Human sexuality,0
Humour,0
Hunting,0
Hydrogen,0
Hydropower,0
Hygiene,0
Ibn Battuta,0
Ibn Khaldun,0
Ideology,0
Immanuel Kant,0
Immune system,0
Imperialism,0
Inca Empire,0
India,0
Indian Ocean,0
Indigenous peoples,0
Indo-European languages,0
Indonesia,0
Indus Valley Civilisation,0
Industrial Revolution,0
Industry,0
Infant,0
Infection,0
Infinity,0
Influenza,0
Infrastructure,0
Injury,0
Inorganic chemistry,0
Insect,0
Integer,0
Integrated circuit,0
Intelligence,0
Internal combustion engine,0
International Monetary Fund,0
International Red Cross and Red Crescent Movement,0
International System of Units,0
Internet,0
Iran,0
Iron,0
Iron Age,0
Isaac Newton,0
Islam,0
Islamic Golden Age,0
Island,0
Israel,0
Istanbul,0
Italy,0
Jabir ibn Hayyan,0
Jainism,0
Jakarta,0
James Clerk Maxwell,0
James Cook,0
James Joyce,0
Jane Austen,0
Japan,0
Japanese language,0
Jazz,0
Jerusalem,0
Jesus,0
Jet engine,0
Jewellery,0
Joan of Arc,0
Johann Sebastian Bach,0
Johann Wolfgang von Goethe,0
Johannes Gutenberg,0
John Locke,0
Joseph Stalin,0
Journalism,0
Judaism,0
Julius Caesar,0
Jupiter,0
Justice,0
Karl Marx,0
Knife,0
Knowledge,0
Kurt Gödel,0
Lagos,0
Lake,0
Lake Victoria,0
Land,0
Language,0
Laozi,0
Laser,0
Latin,0
Latin script,0
Law,0
Learning,0
Lens (optics),0
Leo Tolstoy,0
Leonardo da Vinci,0
Leonhard Euler,0
Li Bai,0
Liberalism,0
Liberty,0
Library,0
Life,0
Light,0
Limit (mathematics),0
Line (geometry),0
Linguistics,0
Literature,0
Liver,0
Logarithm,0
Logic,0
London,0
Louis Armstrong,0
Louis Pasteur,0
Love,0
Ludwig van Beethoven,0
Lung,0
Macroeconomics,0
Magnetism,0
Mahatma Gandhi,0
Mahayana,0
Mail,0
Maize,0
Malaria,0
Malnutrition,0
Mammal,0
Man,0
Management,0
Manufacturing,0
Mao Zedong,0
Map,0
Marco Polo,0
Marie Curie,0
Market (economics),0
Marketing,0
Marriage,0
Mars,0
Martial arts,0
Martin Luther,0
Mary Wollstonecraft,0
Masonry,0
Mass,0
Mass media,0
Mathematical analysis,0
Mathematical proof,0
Mathematics,0
Matter,0
Maya civilization,0
Measurement,0
Meat,0
Mecca,0
Mechanical engineering,0
Medical imaging,0
Medication,0
Medicine,0
Meditation,0
Mediterranean Sea,0
Memory,0
Mental disorder,0
Mercury (planet),0
Mesoamerica,0
Mesopotamia,0
Metabolism,0
Metal,0
Metallurgy,0
Metaphysics,0
Mexico,0
Mexico City,0
Michael Faraday,0
Michelangelo,0
Microeconomics,0
Microscope,0
Middle Ages,0
Middle East,0
Miguel de Cervantes,0
Military,0
Military history,0
Milk,0
Milky Way,0
Mind,0
Mineral,0
Mining,0
Mississippi River,0
Mobile phone,0
Modern history,0
Modernism,0
Molecular biology,0
Molecule,0
Momentum,0
Monarchy,0
Money,0
Mongol Empire,0
Moon,0
Moscow,0
Moses,0
Motion,0
Mountain,0
Mughal Empire,0
Muhammad,0
Muhammad ibn Musa al-Khwarizmi,0
Multiplication,0
Mumbai,0
Murasaki Shikibu,0
Muscle,0
Museum,0
Music,0
Musical instrument,0
Myth,0
NATO,0
Nagarjuna,0
Napoleon,0
Nationalism,0
Natural gas,0
Natural number,0
Natural rubber,0
Natural satellite,0
Natural selection,0
Nature,0
Navigation,0
Nelson Mandela,0
Neolithic Revolution,0
Neptune,0
Nervous system,0
Neutron,0
New York City,0
New religious movement,0
News,0
Newton's laws of motion,0
Nicolaus Copernicus,0
Niels Bohr,0
Nigeria,0
Nikola Tesla,0
Nile,0
Nitrogen,0
North America,0
Novel,0
Nth root,0
Nuclear power,0
Nuclear weapon,0
Number,0
Number theory,0
Nut (fruit),0
Nutrition,0
Obesity,0
Oceania,0
Old age,0
Olympic Games,0
Ontology,0
Opera,0
Optics,0
Oral tradition,0
Orbit,0
Orchestra,0
Organic chemistry,0
Organism,0
Ottoman Empire,0
Outer space,0
Oxygen,0
Pablo Picasso,0
Pacific Ocean,0
Painting,0
Pakistan,0
Paleontology,0
Paper,0
Parenting,0
Paris,0
Particle physics,0
Pasteurization,0
Paul the Apostle,0
Peace,0
Performing arts,0
Periodic table,0
Personal name,0
Personality,0
Petroleum,0
Philippines,0
Philosophy,0
Philosophy of science,0
Photography,0
Photon,0
Photosynthesis,0
Physical chemistry,0
Physical cosmology,0
Physics,0
Pi,0
Pierre-Simon Laplace,0
Plane (geometry),0
Planet,0
Plant,0
Plastic,0
Plate tectonics,0
Plato,0
Play (activity),0
Pneumonia,0
Poetry,0
Poland,0
Police,0
Political science,0
Politics,0
Pollution,0
Polygon,0
Polyhedron,0
Pop music,0
Popular culture,0
Portuguese language,0
Post-classical history,0
Potato,0
Pottery,0
Poverty,0
Prayer,0
Pre-Columbian era,0
Pregnancy,0
Prehistoric art,0
Prehistory,0
Primate,0
Prime number,0
Printing,0
Privacy,0
Probability,0
Property,0
Protein,0
Protestantism,0
Proton,0
Psychology,0
Publishing,0
Qin Shi Huang,0
Quantum mechanics,0
Quran,0
RNA,0
Racism,0
Radar,0
Radio,0
Radioactive decay,0
Rail transport,0
Rain,0
Ramesses II,0
Real number,0
Realism (arts),0
Reason,0
Reformation,0
Refrigeration,0
Religion,0
Rembrandt,0
Renaissance,0
Renewable energy,0
René Descartes,0
Reproduction,0
Reptile,0
Retail,0
Rice,0
Richard Wagner,0
Ritual,0
River,0
Road,0
Roald Amundsen,0
Robotics,0
Rock (geology),0
Rock music,0
Rocket,0
Rocky Mountains,0
Rodent,0
Romanticism,0
Rome,0
Rumi,0
Russia,0
Russian language,0
Sahara,0
Salt,0
Sanitation,0
Sappho,0
Sargon of Akkad,0
Satellite,0
Saturn,0
Saudi Arabia,0
School,0
Science,0
Scientific Revolution,0
Scientific method,0
Scramble for Africa,0
Sculpture,0
Sea,0
Season,0
Secularism,0
Seed,0
Semiconductor device,0
Sense,0
Series (mathematics),0
Set (mathematics),0
Sex,0
Sexism,0
Sexual orientation,0
Sexually transmitted infection,0
Shamanism,0
Shape,0
Shen Kuo,0
Shia Islam,0
Shinto,0
Ship,0
Short story,0
Sigmund Freud,0
Sikhism,0
Silicon,0
Silk Road,0
Silver,0
Simple machine,0
Simón Bolívar,0
Singapore,0
Singing,0
Skeleton,0
Skin,0
Slavery,0
Sleep,0
Smallpox,0
Smoking,0
Snow,0
Social class,0
Social equality,0
Social science,0
Socialism,0
Society,0
Sociology,0
Socrates,0
Soil,0
Solar System,0
Solar energy,0
Sophocles,0
Soul,0
Sound,0
South Africa,0
South America,0
South Korea,0
Soviet Union,0
Soybean,0
Space,0
Space Race,0
Space exploration,0
Space station,0
Spaceflight,0
Spain,0
Spanish language,0
Species,0
Speech,0
Speed of light,0
Sphere,0
Spice,0
Spirituality,0
Sport,0
Sport of athletics,0
Standard Model,0
Star,0
State (polity),0
State of matter,0
Statistics,0
Steam engine,0
Steel,0
Stone Age,0
Stove,0
Stroke,0
Strong interaction,0
Structure of the Earth,0
Subatomic particle,0
Subtraction,0
Sugar,0
Suicide,0
Suleiman the Magnificent,0
Sumer,0
Sun,0
Sunni Islam,0
Supernova,0
Supply and demand,0
Surgery,0
Swimming,0
São Paulo,0
Taiwan,0
Talmud,0
Tang dynasty,0
Tank,0
Tanzania,0
Taoism,0
Tax,0
Taxonomy (biology),0
Tea,0
Technology,0
Telecommunication,0
Telephone,0
Telescope,0
Television,0
Temperature,0
Terrorism,0
Textile,0
Thailand,0
The Beatles,0
The arts,0
Theatre,0
Theocracy,0
Theory of relativity,0
Theravada,0
Thermodynamics,0
Thomas Aquinas,0
Thomas Edison,0
Thought,0
Time,0
Tokyo,0
Tool,0
Topology,0
Tornado,0
Tourism,0
Tower,0
Toy,0
Trade,0
Trade union,0
Transport,0
Tree,0
Triangle,0
Trigonometry,0
Tropical cyclone,0
Truth,0
Tuberculosis,0
Turkey,0
United Kingdom,0
United Nations,0
United States,0
Universe,0
Uranus,0
Vaccine,0
Vacuum,0
Variable (mathematics),0
Vasco da Gama,0
Vedas,0
Vegetable,0
Venus,0
Video,0
Video game,0
Vietnam,0
Viking Age,0
Vincent van Gogh,0
Virgil,0
Virus,0
Visual arts,0
Vladimir Lenin,0
Volcano,0
Voltaire,0
Volume,0
Walt Disney,0
War,0
Water,0
Wave,0
Weak interaction,0
Weapon,0
Weather,0
Werner Heisenberg,0
Western esotericism,0
Western philosophy,0
Wheat,0
Wheel,0
William Shakespeare,0
Wind,0
Wind power,0
Winston Churchill,0
Wolfgang Amadeus Mozart,0
Woman,0
Women's suffrage,0
Wood,0
Word,0
World Health Organization,0
World Trade Organization,0
World War I,0
World War II,0
Writing,0
Yangtze,0
Year,0
Zheng He,0
Zoology,0
